epoch,time,train/box_loss,train/cls_loss,train/dfl_loss,metrics/precision(B),metrics/recall(B),metrics/mAP50(B),metrics/mAP50-95(B),val/box_loss,val/cls_loss,val/dfl_loss,lr/pg0,lr/pg1,lr/pg2,lr/pg3,lr/pg4,lr/pg5,lr/pg6,lr/pg7
1,600.666,1.60021,1.36263,1.05181,0.45319,0.28777,0.28807,0.14974,1.47974,0.99628,0.98834,0.00999771,0.00333257,0.00999771,0.00333257,0.00999771,0.00333257,0.00999771,0.00333257
2,1137.48,1.55845,1.04407,1.02299,0.4398,0.30572,0.31,0.16051,1.45406,0.93427,0.98753,0.0197997,0.00659991,0.0197997,0.00659991,0.0197997,0.00659991,0.0197997,0.00659991
3,1657.06,1.56651,1.04143,1.02702,0.56108,0.30436,0.31514,0.16395,1.44581,0.90613,0.98515,0.0294038,0.00980125,0.0294038,0.00980125,0.0294038,0.00980125,0.0294038,0.00980125
4,2175.93,1.54448,1.01091,1.02152,0.56303,0.33723,0.34627,0.18243,1.41431,0.86132,0.97375,0.029109,0.009703,0.029109,0.009703,0.029109,0.009703,0.029109,0.009703
5,2699,1.50921,0.96739,1.00732,0.59635,0.34978,0.36569,0.19316,1.39314,0.83833,0.96666,0.028812,0.009604,0.028812,0.009604,0.028812,0.009604,0.028812,0.009604
6,3220.38,1.49023,0.94378,0.99984,0.61664,0.35756,0.37738,0.20164,1.38147,0.82403,0.96055,0.028515,0.009505,0.028515,0.009505,0.028515,0.009505,0.028515,0.009505
7,3740.82,1.4772,0.92913,0.99476,0.62252,0.36162,0.38573,0.20699,1.37157,0.81043,0.95699,0.028218,0.009406,0.028218,0.009406,0.028218,0.009406,0.028218,0.009406
8,4253.7,1.46767,0.92076,0.99116,0.63449,0.3658,0.39461,0.21238,1.36441,0.80087,0.95364,0.027921,0.009307,0.027921,0.009307,0.027921,0.009307,0.027921,0.009307
9,4769.59,1.45971,0.90922,0.9886,0.52673,0.37478,0.39878,0.21463,1.35899,0.79364,0.95168,0.027624,0.009208,0.027624,0.009208,0.027624,0.009208,0.027624,0.009208
10,5283.93,1.45615,0.90404,0.98555,0.54598,0.36908,0.40278,0.21793,1.35525,0.7884,0.94989,0.027327,0.009109,0.027327,0.009109,0.027327,0.009109,0.027327,0.009109
11,5795.83,1.44922,0.89727,0.98355,0.55377,0.37285,0.40614,0.21961,1.35187,0.78446,0.94849,0.02703,0.00901,0.02703,0.00901,0.02703,0.00901,0.02703,0.00901
12,6310.19,1.44448,0.89325,0.98187,0.54415,0.37662,0.40781,0.22123,1.34979,0.7812,0.9476,0.026733,0.008911,0.026733,0.008911,0.026733,0.008911,0.026733,0.008911
13,6824.79,1.44158,0.88865,0.97992,0.54787,0.37699,0.40912,0.22223,1.34837,0.77878,0.94697,0.026436,0.008812,0.026436,0.008812,0.026436,0.008812,0.026436,0.008812
14,7339.07,1.43986,0.88595,0.97933,0.55531,0.37397,0.41138,0.22355,1.34678,0.7767,0.94627,0.026139,0.008713,0.026139,0.008713,0.026139,0.008713,0.026139,0.008713
15,7854.18,1.4356,0.88117,0.97801,0.55406,0.37742,0.4128,0.2245,1.34564,0.77529,0.94578,0.025842,0.008614,0.025842,0.008614,0.025842,0.008614,0.025842,0.008614
16,8370.53,1.4335,0.8796,0.97692,0.54069,0.38259,0.41343,0.22508,1.34467,0.77429,0.94533,0.025545,0.008515,0.025545,0.008515,0.025545,0.008515,0.025545,0.008515
17,8889.22,1.43009,0.87537,0.97601,0.5471,0.38228,0.41484,0.22596,1.34383,0.77311,0.9448,0.025248,0.008416,0.025248,0.008416,0.025248,0.008416,0.025248,0.008416
18,9403.94,1.4308,0.87503,0.97468,0.54749,0.38446,0.41585,0.22641,1.34316,0.77225,0.94439,0.024951,0.008317,0.024951,0.008317,0.024951,0.008317,0.024951,0.008317
19,9920.16,1.42615,0.87072,0.97415,0.54775,0.38504,0.41659,0.22684,1.34252,0.7715,0.94406,0.024654,0.008218,0.024654,0.008218,0.024654,0.008218,0.024654,0.008218
20,10437.6,1.42626,0.86916,0.97307,0.55837,0.38181,0.41763,0.22743,1.34175,0.77063,0.94364,0.024357,0.008119,0.024357,0.008119,0.024357,0.008119,0.024357,0.008119
21,10950.3,1.42536,0.86913,0.97354,0.55037,0.38469,0.41807,0.22801,1.34097,0.76994,0.94331,0.02406,0.00802,0.02406,0.00802,0.02406,0.00802,0.02406,0.00802
22,11463.4,1.42379,0.86705,0.97217,0.55906,0.3817,0.41824,0.22841,1.34009,0.76921,0.94274,0.023763,0.007921,0.023763,0.007921,0.023763,0.007921,0.023763,0.007921
23,11972.1,1.42371,0.86671,0.97268,0.5547,0.38498,0.41937,0.22897,1.3394,0.76854,0.94241,0.023466,0.007822,0.023466,0.007822,0.023466,0.007822,0.023466,0.007822
24,12481.7,1.41921,0.86302,0.97117,0.55979,0.38511,0.4206,0.22959,1.33872,0.76786,0.94202,0.023169,0.007723,0.023169,0.007723,0.023169,0.007723,0.023169,0.007723
25,12998.7,1.41696,0.86095,0.97043,0.6577,0.38735,0.42134,0.23016,1.33804,0.76716,0.94168,0.022872,0.007624,0.022872,0.007624,0.022872,0.007624,0.022872,0.007624
26,13517.2,1.41591,0.86051,0.97052,0.65963,0.38697,0.42228,0.23079,1.33757,0.76641,0.9414,0.022575,0.007525,0.022575,0.007525,0.022575,0.007525,0.022575,0.007525
27,14037,1.41406,0.85785,0.96855,0.66637,0.38737,0.42345,0.23135,1.33678,0.76563,0.94096,0.022278,0.007426,0.022278,0.007426,0.022278,0.007426,0.022278,0.007426
28,14552,1.41308,0.85475,0.96884,0.6679,0.38713,0.42454,0.23191,1.33617,0.76482,0.94055,0.021981,0.007327,0.021981,0.007327,0.021981,0.007327,0.021981,0.007327
29,15068.1,1.41238,0.85508,0.96808,0.66414,0.39036,0.42553,0.2326,1.33553,0.76383,0.94013,0.021684,0.007228,0.021684,0.007228,0.021684,0.007228,0.021684,0.007228
30,15582.3,1.41155,0.85345,0.96786,0.66205,0.39013,0.42645,0.23315,1.33478,0.76286,0.9397,0.021387,0.007129,0.021387,0.007129,0.021387,0.007129,0.021387,0.007129
31,16098,1.41113,0.85318,0.9681,0.65842,0.3924,0.42702,0.23354,1.33417,0.76201,0.9394,0.02109,0.00703,0.02109,0.00703,0.02109,0.00703,0.02109,0.00703
32,16612.1,1.40984,0.85227,0.96762,0.66035,0.39329,0.42838,0.23426,1.33354,0.76113,0.93909,0.020793,0.006931,0.020793,0.006931,0.020793,0.006931,0.020793,0.006931
33,17128.5,1.4092,0.85102,0.96693,0.66492,0.39229,0.42936,0.2348,1.33289,0.76026,0.93874,0.020496,0.006832,0.020496,0.006832,0.020496,0.006832,0.020496,0.006832
34,17645,1.40871,0.85019,0.96621,0.66329,0.39414,0.43018,0.23549,1.3323,0.75945,0.93839,0.020199,0.006733,0.020199,0.006733,0.020199,0.006733,0.020199,0.006733
35,18155.9,1.40523,0.84688,0.96627,0.66217,0.39607,0.43117,0.2361,1.33185,0.75869,0.93816,0.019902,0.006634,0.019902,0.006634,0.019902,0.006634,0.019902,0.006634
36,18667.8,1.40511,0.84634,0.9658,0.66148,0.39615,0.43162,0.23644,1.3312,0.758,0.93783,0.019605,0.006535,0.019605,0.006535,0.019605,0.006535,0.019605,0.006535
37,19188.7,1.40339,0.84577,0.96472,0.66198,0.3955,0.43187,0.23687,1.33058,0.75727,0.93751,0.019308,0.006436,0.019308,0.006436,0.019308,0.006436,0.019308,0.006436
38,19699.7,1.40134,0.84408,0.96465,0.6653,0.39604,0.43265,0.23735,1.32998,0.75643,0.93727,0.019011,0.006337,0.019011,0.006337,0.019011,0.006337,0.019011,0.006337
39,20205.1,1.40148,0.84293,0.96456,0.66148,0.39686,0.43282,0.23759,1.32943,0.75566,0.93693,0.018714,0.006238,0.018714,0.006238,0.018714,0.006238,0.018714,0.006238
40,20708.5,1.40053,0.84046,0.96237,0.6567,0.40058,0.43359,0.23805,1.32905,0.755,0.93654,0.018417,0.006139,0.018417,0.006139,0.018417,0.006139,0.018417,0.006139
41,21211.2,1.39974,0.84044,0.96259,0.65567,0.40263,0.43461,0.23854,1.3284,0.75417,0.9362,0.01812,0.00604,0.01812,0.00604,0.01812,0.00604,0.01812,0.00604
42,21715,1.39814,0.84023,0.96279,0.65475,0.40376,0.43521,0.2389,1.32782,0.75349,0.93589,0.017823,0.005941,0.017823,0.005941,0.017823,0.005941,0.017823,0.005941
43,22219.6,1.39859,0.83824,0.96232,0.64872,0.40734,0.43621,0.23943,1.32741,0.75276,0.9356,0.017526,0.005842,0.017526,0.005842,0.017526,0.005842,0.017526,0.005842
44,22725.8,1.39819,0.83663,0.96131,0.65315,0.40656,0.43669,0.23975,1.32694,0.75191,0.93531,0.017229,0.005743,0.017229,0.005743,0.017229,0.005743,0.017229,0.005743
45,23232,1.39473,0.83484,0.96064,0.65533,0.40752,0.43714,0.24012,1.32642,0.75121,0.93503,0.016932,0.005644,0.016932,0.005644,0.016932,0.005644,0.016932,0.005644
46,23736,1.39526,0.83439,0.9602,0.65757,0.40679,0.43761,0.24065,1.32596,0.75063,0.93474,0.016635,0.005545,0.016635,0.005545,0.016635,0.005545,0.016635,0.005545
47,24241,1.39264,0.83359,0.96103,0.65953,0.40656,0.4383,0.24106,1.3255,0.75,0.93454,0.016338,0.005446,0.016338,0.005446,0.016338,0.005446,0.016338,0.005446
48,24745.6,1.39297,0.8325,0.9607,0.66204,0.40494,0.43872,0.24137,1.32493,0.74935,0.93432,0.016041,0.005347,0.016041,0.005347,0.016041,0.005347,0.016041,0.005347
49,25250.8,1.39037,0.8299,0.95979,0.66957,0.40193,0.43921,0.24186,1.32439,0.74879,0.93409,0.015744,0.005248,0.015744,0.005248,0.015744,0.005248,0.015744,0.005248
50,25756.1,1.3892,0.82865,0.95952,0.66904,0.40313,0.44011,0.24203,1.32386,0.74823,0.93377,0.015447,0.005149,0.015447,0.005149,0.015447,0.005149,0.015447,0.005149
51,26261.1,1.38978,0.82941,0.95979,0.66912,0.40347,0.44057,0.24234,1.32335,0.74758,0.93355,0.01515,0.00505,0.01515,0.00505,0.01515,0.00505,0.01515,0.00505
52,26765.3,1.38785,0.82813,0.9586,0.66744,0.40393,0.44066,0.24245,1.32287,0.74692,0.93336,0.014853,0.004951,0.014853,0.004951,0.014853,0.004951,0.014853,0.004951
53,27272.9,1.38863,0.82699,0.95878,0.66945,0.40307,0.44176,0.24295,1.32225,0.74632,0.93307,0.014556,0.004852,0.014556,0.004852,0.014556,0.004852,0.014556,0.004852
54,27779.7,1.3874,0.82592,0.95727,0.66592,0.40596,0.44203,0.24313,1.32168,0.74575,0.93278,0.014259,0.004753,0.014259,0.004753,0.014259,0.004753,0.014259,0.004753
